{
  "rf_test_accuracy": 0.9989,
  "svm_test_accuracy": 0.9916,
  "rf_classification_report": {
    "0": {
      "precision": 0.9993220338983051,
      "recall": 0.9986449864498645,
      "f1-score": 0.9989833954591664,
      "support": 1476.0
    },
    "1": {
      "precision": 0.9982653946227233,
      "recall": 0.9991319444444444,
      "f1-score": 0.9986984815618222,
      "support": 1152.0
    },
    "accuracy": 0.9988584474885844,
    "macro avg": {
      "precision": 0.9987937142605142,
      "recall": 0.9988884654471545,
      "f1-score": 0.9988409385104943,
      "support": 2628.0
    },
    "weighted avg": {
      "precision": 0.998858849558324,
      "recall": 0.9988584474885844,
      "f1-score": 0.9988585016959469,
      "support": 2628.0
    }
  },
  "svm_classification_report": {
    "0": {
      "precision": 0.9912162162162163,
      "recall": 0.9939024390243902,
      "f1-score": 0.9925575101488497,
      "support": 1476.0
    },
    "1": {
      "precision": 0.9921602787456446,
      "recall": 0.9887152777777778,
      "f1-score": 0.9904347826086957,
      "support": 1152.0
    },
    "accuracy": 0.9916286149162862,
    "macro avg": {
      "precision": 0.9916882474809304,
      "recall": 0.9913088584010841,
      "f1-score": 0.9914961463787727,
      "support": 2628.0
    },
    "weighted avg": {
      "precision": 0.9916300518455547,
      "recall": 0.9916286149162862,
      "f1-score": 0.9916269994463165,
      "support": 2628.0
    }
  }
}